{
  "title": "Esta loja é um Progressive Web App",
  "date": "2019-05-16T16:01:40.618Z",
  "thumbnail": "/img/uploads/pwa-reliable.png",
  "description": "PWA é uma evolução híbrida entre um aplicativo e uma página web, que torna a experiência de uso de uma página web pelo celular semelhante a de um aplicativo mobile.\n\n",
  "body": "![PWA](/img/uploads/pwa-reliable.png)\n\nProgressive Web App (PWA) é uma criação da da Google que permite a criação de aplicações que são um meio termo entre uma página web e um aplicativo nativo. Nosso Storefront padrão é um PWA!\n\nCom o grande aumento de tráfego mobile no e-commerce um PWA commerce traz enormes vantagens. \n\n**Digno de estar na tela inicial**\n\nQuando os critérios do Progressive Web App são atendidos, o Chrome solicita que os usuários adicionem o PWA à tela inicial. Com isso a loja se transforma em uma aplicação nativa sem a necessidade de download através de uma app store.",
  "meta_title": "PWA - My Shop",
  "meta_description": "Esta loja é um JAMstack PWA"
}