{
  "meta_title": "",
  "meta_description": "",
  "sections": [
    {
      "type": "banner-slider",
      "autoplay": 9000,
      "slides": []
    },
    {
      "type": "info-bar",
      "enabled": true
    },
    {
      "type": "collection-shelf",
      "shuffle": true,
      "collection_id": null,
      "limit": 12,
      "page": 1,
      "sort": "sales"
    },
    {
      "type": "page-title",
      "title": "",
      "description": ""
    },
    {
      "type": "responsive-banner",
      "img": "/img/uploads/og-image.png",
      "link": "",
      "mobile_img": "",
      "alt": ""
    }
  ]
}